{"name":"add","type":"method","title":".add()","desc":"Add elements to the set of matched elements.","categories":["traversing/miscellaneous-traversal","version/1.0","version/1.4"],"entries":[{"return":"jQuery","signatures":[{"added":"1.0","argument":{"desc":"A string representing a selector expression to find additional elements to add to the set of matched elements.","name":"selector","type":"Selector"}},{"added":"1.0","argument":{"desc":"One or more elements to add to the set of matched elements.","name":"elements","type":"Elements"}},{"added":"1.0","argument":{"desc":"An HTML fragment to add to the set of matched elements.","name":"html","type":"HTML"}},{"added":"1.3.2","argument":{"desc":"An existing jQuery object to add to the set of matched elements.","name":"jQuery object","type":"jQuery object "}},{"added":"1.4","argument":[{"desc":"A string representing a selector expression to find additional elements to add to the set of matched elements.","name":"selector","type":"Selector"},{"desc":"The point in the document at which the selector should begin matching; similar to the context argument of the <code>$(selector, context)</code> method.","name":"context","type":"Element"}]}],"examples":[{"desc":"Finds all divs and makes a border.  Then adds all paragraphs to the jQuery object to set their backgrounds yellow.","code":"\n\n$(\"div\").css(\"border\", \"2px solid red\")\n        .add(\"p\")\n        .css(\"background\", \"yellow\");\n","css":"\n div { width:60px; height:60px; margin:10px; float:left; }\n p { clear:left; font-weight:bold; font-size:16px;\n     color:blue; margin:0 10px; padding:2px; }\n ","html":"<div></div>\n\n  <div></div>\n  <div></div>\n  <div></div>\n  <div></div>\n  <div></div>\n\n  <p>Added this... (notice no border)</p>"},{"desc":"Adds more elements, matched by the given expression, to the set of matched elements.","code":"$(\"p\").add(\"span\").css(\"background\", \"yellow\");","html":"<p>Hello</p><span>Hello Again</span>"},{"desc":"Adds more elements, created on the fly, to the set of matched elements.","code":"$(\"p\").clone().add(\"<span>Again</span>\").appendTo(document.body);","html":"<p>Hello</p>"},{"desc":"Adds one or more Elements to the set of matched elements.","code":"$(\"p\").add(document.getElementById(\"a\")).css(\"background\", \"yellow\");","html":"<p>Hello</p><span id=\"a\">Hello Again</span>"},{"desc":"Demonstrates how to add (or push) elements to an existing collection","code":"var collection = $(\"p\");\n// capture the new collection\ncollection = collection.add(document.getElementById(\"a\"));\ncollection.css(\"background\", \"yellow\");","html":"<p>Hello</p><span id=\"a\">Hello Again</span>"}],"longdesc":"\n    <p>Given a jQuery object that represents a set of DOM elements, the <code>.add()</code> method constructs a new jQuery object from the union of those elements and the ones passed into the method. The argument to <code>.add()</code> can be pretty much anything that  <code>$()</code> accepts, including a jQuery selector expression, references to DOM elements, or an HTML snippet.</p>\n    <p>The updated set of elements can be used in a following (chained) method, or assigned to a variable for later use. For example:</p>\n    <pre>\n      <code>\n$(\"p\").add(\"div\").addClass(\"widget\");\nvar pdiv = $(\"p\").add(\"div\");\n</code>\n    </pre>\n    <p>The following will <em>not</em> save the added elements, because the <code>.add()</code> method creates a new set and leaves the original set in pdiv unchanged:</p>\n    <pre>\n      <code>\nvar pdiv = $(\"p\");\npdiv.add(\"div\");  // WRONG, pdiv will not change\n</code>\n    </pre>\n    <p>Consider a page with a simple list and a paragraph following it:</p>\n    <pre>\n      <code>&lt;ul&gt;\n  &lt;li&gt;list item 1&lt;/li&gt;\n  &lt;li&gt;list item 2&lt;/li&gt;\n  &lt;li&gt;list item 3&lt;/li&gt;\n&lt;/ul&gt;\n&lt;p&gt;a paragraph&lt;/p&gt;</code>\n    </pre>\n    <p>We can select the list items and then the paragraph by using either a selector or a reference to the DOM element itself as the <code>.add()</code> method's argument:</p>\n    <pre>\n      <code>$('li').add('p').css('background-color', 'red');</code>\n    </pre>\n    <p>Or:</p>\n    <pre>\n      <code>$('li').add(document.getElementsByTagName('p')[0])\n  .css('background-color', 'red');</code>\n    </pre>\n    <p>The result of this call is a red background behind all four elements.\nUsing an HTML snippet as the <code>.add()</code> method's argument (as in the third version), we can create additional elements on the fly and add those elements to the matched set of elements. Let's say, for example, that we want to alter the background of the list items along with a newly created paragraph:</p>\n    <pre>\n      <code>$('li').add('&lt;p id=\"new\"&gt;new paragraph&lt;/p&gt;')\n  .css('background-color', 'red');</code>\n    </pre>\n    <p>Although the new paragraph has been created and its background color changed, it still does not appear on the page. To place it on the page, we could add one of the insertion methods to the chain.</p>\n    <p>As of jQuery 1.4 the results from .add() will always be returned in document order (rather than a simple concatenation).</p>\n    <p><strong>Note:</strong> To reverse the <code>.add()</code> you can use <a href=\"http://api.jquery.com/not\"><code>.not( elements | selector )</code></a> to remove elements from the jQuery results, or <a href=\"http://api.jquery.com/end\"><code>.end()</code></a> to return to the selection before you added.</p>\n  "}]}