{"name":"callbacks.empty","type":"method","title":"callbacks.empty()","desc":"Remove all of the callbacks from a list.","categories":["callbacks-object","version/1.7"],"entries":[{"return":"Callbacks","signatures":{"added":"1.7"},"examples":null,"longdesc":"\n    <p>This method returns the Callbacks object onto which it is attached (<code>this</code>). </p>\n    <h2 id=\"example-1\">Example</h2>\n    <p>Use <code>callbacks.empty()</code> to empty a list of callbacks:</p>\n    <pre><code><![CDATA[// a sample logging function to be added to a callbacks list\nvar foo = function( value1, value2 ) {\n  console.log( \"foo: \" + value1 + \",\" + value2 );\n}\n\n// another function to also be added to the list\nvar bar = function( value1, value2 ){\n    console.log( \"bar: \" + value1 + \",\" + value2 );\n}\n\nvar callbacks = $.Callbacks();\n\n// add the two functions\ncallbacks.add( foo );\ncallbacks.add( bar );\n\n// empty the callbacks list\ncallbacks.empty();\n\n// check to ensure all callbacks have been removed\nconsole.log( callbacks.has( foo ) );\n// false\nconsole.log( callbacks.has( bar ) );\n// false\n]]></code></pre>\n  "}]}