{"name":"clearQueue","type":"method","title":".clearQueue()","desc":"Remove from the queue all items that have not yet been run.","categories":["effects/custom-effects","data","utilities","version/1.4"],"entries":[{"return":"jQuery","signatures":{"added":"1.4","argument":{"desc":"A string containing the name of the queue. Defaults to <code>fx</code>, the standard effects queue.","name":"queueName","optional":"true","type":"String"}},"examples":{"desc":"Empty the queue.","code":"\n$(\"#start\").click(function () {\n\n  var myDiv = $(\"div\");\n  myDiv.show(\"slow\");\n  myDiv.animate({left:'+=200'},5000);\n  myDiv.queue(function () {\n    var _this = $(this);\n    _this.addClass(\"newcolor\");\n    _this.dequeue();\n  });\n\n  myDiv.animate({left:'-=200'},1500);\n  myDiv.queue(function () {\n    var _this = $(this);\n    _this.removeClass(\"newcolor\");\n    _this.dequeue();\n  });\n  myDiv.slideUp();\n\n});\n\n$(\"#stop\").click(function () {\n  var myDiv = $(\"div\");\n  myDiv.clearQueue();\n  myDiv.stop();\n});","css":"\ndiv { margin:3px; width:40px; height:40px;\n    position:absolute; left:0px; top:30px;\n    background:green; display:none; }\ndiv.newcolor { background:blue; }\n","html":"<button id=\"start\">Start</button>\n<button id=\"stop\">Stop</button>\n<div></div>"},"longdesc":"\n    <p>When the <code>.clearQueue()</code> method is called, all functions on the queue that have not been executed are removed from the queue. When used without an argument, <code>.clearQueue()</code> removes the remaining functions from <code>fx</code>, the standard effects queue. In this way it is similar to <code>.stop(true)</code>. However,  while the <code>.stop()</code> method is meant to be used only with animations, <code>.clearQueue()</code> can also be used to remove any function that has been added to a generic jQuery queue with the <code>.queue()</code> method. </p>\n  "}]}