{"name":"deferred.resolve","type":"method","title":"deferred.resolve()","desc":" Resolve a Deferred object and call any doneCallbacks with the given <code>args</code>. ","categories":["deferred-object","version/1.5"],"entries":[{"return":"Deferred","signatures":{"added":"1.5","argument":{"desc":"\n        Optional arguments that are passed to the doneCallbacks.\n      ","name":"args","type":"Object"}},"examples":null,"longdesc":"\n    <p>When the Deferred is resolved, any doneCallbacks added by <a href=\"/deferred.then/\"><code>deferred.then</code></a> or <a href=\"/deferred.done/\"><code>deferred.done</code></a> are called. Callbacks are executed in the order they were added. Each callback is passed the <code>args</code> from the <code>.resolve()</code>. Any doneCallbacks added after the Deferred enters the resolved state are executed immediately when they are added, using the arguments that were passed to the <code>.resolve()</code> call. For more information, see the documentation for <a href=\"/category/deferred-object/\">Deferred object</a>.</p>\n  "}]}