{"name":"descendant","type":"selector","title":"Descendant Selector (\"ancestor descendant\")","desc":"Selects all elements that are descendants of a given ancestor.","categories":["selectors/hierarchy-selectors","version/1.0"],"entries":[{"return":"","signatures":{"added":"1.0","argument":[{"desc":"Any valid selector.","name":"ancestor","type":"Selector"},{"desc":"A selector to filter the descendant elements.","name":"descendant","type":"Selector"}]},"examples":{"desc":"Finds all input descendants of forms.","code":"$(\"form input\").css(\"border\", \"2px dotted blue\");","css":"\n\n  body { font-size:14px; }\n  form { border:2px green solid; padding:2px; margin:0;\n         background:#efe; }\n  div { color:red; }\n  fieldset { margin:1px; padding:3px; }\n  ","html":"<form>\n    <div>Form is surrounded by the green outline</div>\n    <label>Child:</label>\n    <input name=\"name\" />\n\n    <fieldset>\n      <label>Grandchild:</label>\n      <input name=\"newsletter\" />\n    </fieldset>\n\n  </form>\n  Sibling to form: <input name=\"none\" />"},"longdesc":"\n    <p>A descendant of an element could be a child, grandchild, great-grandchild, and so on, of that element.</p>\n  "}],"slug":"descendant-selector"}