{"name":"empty","type":"method","title":".empty()","desc":"Remove all child nodes of the set of matched elements from the DOM.","categories":["manipulation/dom-removal","version/1.0"],"entries":[{"return":"jQuery","signatures":{"added":"1.0"},"examples":{"desc":"Removes all child nodes (including text nodes) from all paragraphs","code":"\n  $(\"button\").click(function () {\n    $(\"p\").empty();\n  });\n","css":"\n  p { background:yellow; }\n","html":"<p>\n  Hello, <span>Person</span> <a href=\"javascript:;\">and person</a>\n</p>\n\n<button>Call empty() on above paragraph</button>"},"longdesc":"\n    <p>This method removes not only child (and other descendant) elements, but also any text within the set of matched elements. This is because, according to the DOM specification, any string of text within an element is considered a child node of that element. Consider the following HTML:</p>\n    <pre><code>&lt;div class=\"container\"&gt;\n  &lt;div class=\"hello\"&gt;Hello&lt;/div&gt;\n  &lt;div class=\"goodbye\"&gt;Goodbye&lt;/div&gt;\n&lt;/div&gt;</code></pre>\n    <p>We can target any element for removal:</p>\n    <pre><code>$('.hello').empty();</code></pre>\n    <p>This will result in a DOM structure with the <code>Hello</code> text deleted:</p>\n    <pre><code>&lt;div class=\"container\"&gt;\n  &lt;div class=\"hello\"&gt;&lt;/div&gt;\n  &lt;div class=\"goodbye\"&gt;Goodbye&lt;/div&gt;\n&lt;/div&gt;</code></pre>\n    <p>If we had any number of nested elements inside <code>&lt;div class=\"hello\"&gt;</code>, they would be removed, too. </p>\n    <p>To avoid memory leaks, jQuery removes other constructs such as data and event handlers from the child elements before removing the elements themselves.</p>\n    <p>If you want to remove elements without destroying their data or event handlers (so they can be re-added later), use <a href=\"/detach/\"><code>.detach()</code></a> instead.</p>\n  "}]}