{"name":"fadeOut","type":"method","title":".fadeOut()","desc":"Hide the matched elements by fading them to transparent.","categories":["effects/fading","version/1.0","version/1.4.3"],"entries":[{"return":"jQuery","signatures":[{"added":"1.0","xi:include":[{"href":"../includes/duration-argument.xml","xmlns:xi":"http://www.w3.org/2003/XInclude"},{"href":"../includes/complete-argument.xml","xmlns:xi":"http://www.w3.org/2003/XInclude"}]},{"added":"1.0","xi:include":{"href":"../includes/options-argument.xml","xmlns:xi":"http://www.w3.org/2003/XInclude"}},{"added":"1.4.3","xi:include":[{"href":"../includes/duration-argument.xml","xmlns:xi":"http://www.w3.org/2003/XInclude"},{"href":"../includes/easing-argument.xml","xmlns:xi":"http://www.w3.org/2003/XInclude"},{"href":"../includes/complete-argument.xml","xmlns:xi":"http://www.w3.org/2003/XInclude"}]}],"examples":[{"desc":"Animates all paragraphs to fade out, completing the animation within 600 milliseconds.","code":"\n  $(\"p\").click(function () {\n  $(\"p\").fadeOut(\"slow\");\n  });\n  ","css":"\n  p { font-size:150%; cursor:pointer; }\n  ","html":"<p>\n  If you click on this paragraph\n  you'll see it just fade away.\n  </p>"},{"desc":"Fades out spans in one section that you click on.","code":"\n\n  $(\"span\").click(function () {\n  $(this).fadeOut(1000, function () {\n  $(\"div\").text(\"'\" + $(this).text() + \"' has faded!\");\n  $(this).remove();\n  });\n  });\n  $(\"span\").hover(function () {\n  $(this).addClass(\"hilite\");\n  }, function () {\n  $(this).removeClass(\"hilite\");\n  });\n\n  ","css":"\n  span { cursor:pointer; }\n  span.hilite { background:yellow; }\n  div { display:inline; color:red; }\n  ","html":"<h3>Find the modifiers - <div></div></h3>\n  <p>\n  If you <span>really</span> want to go outside\n  <span>in the cold</span> then make sure to wear\n  your <span>warm</span> jacket given to you by\n  your <span>favorite</span> teacher.\n  </p>"},{"desc":"Fades out two divs, one with a \"linear\" easing and one with the default, \"swing,\" easing.","code":"\n$(\"#btn1\").click(function() {\n  function complete() {\n    $(\"<div/>\").text(this.id).appendTo(\"#log\");\n  }\n\n  $(\"#box1\").fadeOut(1600, \"linear\", complete);\n  $(\"#box2\").fadeOut(1600, complete);\n});\n\n$(\"#btn2\").click(function() {\n  $(\"div\").show();\n  $(\"#log\").empty();\n});\n\n","css":"\n.box,\nbutton { float:left; margin:5px 10px 5px 0; }\n.box { height:80px; width:80px; background:#090; }\n#log { clear:left; }\n\n","html":"\n<button id=\"btn1\">fade out</button>\n<button id=\"btn2\">show</button>\n\n<div id=\"log\"></div>\n\n<div id=\"box1\" class=\"box\">linear</div>\n<div id=\"box2\" class=\"box\">swing</div>\n"}],"longdesc":"\n    <p>The <code>.fadeOut()</code> method animates the opacity of the matched elements. Once the opacity reaches 0, the <code>display</code> style property is set to <code>none</code>, so the element no longer affects the layout of the page.</p>\n    <p>Durations are given in milliseconds; higher values indicate slower animations, not faster ones. The strings <code>'fast'</code> and <code>'slow'</code> can be supplied to indicate durations of <code>200</code> and <code>600</code> milliseconds, respectively. If any other string is supplied, or if the <code>duration</code> parameter is omitted, the default duration of  <code>400</code> milliseconds is used.</p>\n    <p>We can animate any element, such as a simple image:</p>\n    <pre><code>&lt;div id=\"clickme\"&gt;\n  Click here\n&lt;/div&gt;\n&lt;img id=\"book\" src=\"book.png\" alt=\"\" width=\"100\" height=\"123\" /&gt;</code></pre>\n    <p>With the element initially shown, we can hide it slowly:</p>\n    <pre><code>$('#clickme').click(function() {\n  $('#book').fadeOut('slow', function() {\n    // Animation complete.\n  });\n});</code></pre>\n    <p class=\"image four-across\">\n      <img src=\"/resources/0042_06_37.png\" alt=\"\"/>\n      <img src=\"/resources/0042_06_38.png\" alt=\"\"/>\n      <img src=\"/resources/0042_06_39.png\" alt=\"\"/>\n      <img src=\"/resources/0042_06_40.png\" alt=\"\"/>\n    </p>\n    <blockquote>\n      <p><strong>Note: </strong>To avoid unnecessary DOM manipulation, <code>.fadeOut()</code> will not hide an element that is already considered hidden. For information on which elements jQuery considers hidden, see <a href=\"http://api.jquery.com/hidden-selector\"> :hidden Selector</a>.</p>\n    </blockquote>\n    <h4 id=\"easing\">Easing</h4>\n    <p><strong>As of jQuery 1.4.3</strong>, an optional string naming an easing function may be used. Easing functions specify the speed at which the animation progresses at different points within the animation. The only easing implementations in the jQuery library are the default, called <code>swing</code>, and one that progresses at a constant pace, called <code>linear</code>. More easing functions are available with the use of plug-ins, most notably the <a href=\"http://jqueryui.com\">jQuery UI suite</a>.</p>\n    <h4 id=\"callback-function\">Callback Function</h4>\n    <p>If supplied, the callback is fired once the animation is complete. This can be useful for stringing different animations together in sequence. The callback is not sent any arguments, but <code>this</code> is set to the DOM element being animated. If multiple elements are animated, it is important to note that the callback is executed once per matched element, not once for the animation as a whole.</p>\n    <p><strong>As of jQuery 1.6</strong>, the <code><a href=\"http://api.jquery.com/promise/\">.promise()</a></code> method can be used in conjunction with the <code><a href=\"http://api.jquery.com/deferred.done/\">deferred.done()</a></code> method to execute a single callback for the animation as a whole when <em>all</em> matching elements have completed their animations ( See the <a href=\"http://api.jquery.com/promise/#example-1\">example for .promise()</a> ).  </p>\n  "}]}