{"name":"hide","type":"method","title":".hide()","desc":"Hide the matched elements.","categories":["effects/basics","version/1.0","version/1.4.3"],"entries":[{"return":"jQuery","signatures":[{"added":"1.0"},{"added":"1.0","xi:include":[{"href":"../includes/duration-argument.xml","xmlns:xi":"http://www.w3.org/2003/XInclude"},{"href":"../includes/complete-argument.xml","xmlns:xi":"http://www.w3.org/2003/XInclude"}]},{"added":"1.0","xi:include":{"href":"../includes/options-argument.xml","xmlns:xi":"http://www.w3.org/2003/XInclude"}},{"added":"1.4.3","xi:include":[{"href":"../includes/duration-argument.xml","xmlns:xi":"http://www.w3.org/2003/XInclude"},{"href":"../includes/easing-argument.xml","xmlns:xi":"http://www.w3.org/2003/XInclude"},{"href":"../includes/complete-argument.xml","xmlns:xi":"http://www.w3.org/2003/XInclude"}]}],"examples":[{"desc":"Hides all paragraphs then the link on click.","code":"\n    $(\"p\").hide();\n    $(\"a\").click(function ( event ) {\n      event.preventDefault();\n      $(this).hide();\n    });\n","html":"<p>Hello</p>\n  <a href=\"#\">Click to hide me too</a>\n  <p>Here is another paragraph</p>"},{"desc":"Animates all shown paragraphs to hide slowly, completing the animation within 600 milliseconds.","code":"\n    $(\"button\").click(function () {\n      $(\"p\").hide(\"slow\");\n    });\n","css":"\n  p { background:#dad; font-weight:bold; }\n  ","html":"<button>Hide 'em</button>\n\n  <p>Hiya</p>\n  <p>Such interesting text, eh?</p>"},{"desc":"Animates all spans (words in this case) to hide fastly, completing each animation within 200 milliseconds. Once each animation is done, it starts the next one.","code":"\n$(\"#hidr\").click(function () {\n  $(\"span:last-child\").hide(\"fast\", function () {\n    // use callee so don't have to name the function\n    $(this).prev().hide(\"fast\", arguments.callee);\n  });\n});\n$(\"#showr\").click(function () {\n  $(\"span\").show(2000);\n});\n","css":"\n  span { background:#def3ca; padding:3px; float:left; }\n  ","html":"<button id=\"hidr\">Hide</button>\n<button id=\"showr\">Show</button>\n<div>\n\n  <span>Once</span> <span>upon</span> <span>a</span>\n  <span>time</span> <span>there</span> <span>were</span>\n  <span>three</span> <span>programmers...</span>\n\n</div>"},{"desc":"Hides the divs when clicked over 2 seconds, then removes the div element when its hidden.  Try clicking on more than one box at a time.","code":"\nfor (var i = 0; i < 5; i++) {\n  $(\"<div>\").appendTo(document.body);\n}\n$(\"div\").click(function () {\n  $(this).hide(2000, function () {\n    $(this).remove();\n  });\n});\n","css":"\n  div { background:#ece023; width:30px;\n        height:40px; margin:2px; float:left; }\n  ","html":"<div></div>"}],"longdesc":"\n    <p>With no parameters, the <code>.hide()</code> method is the simplest way to hide an element:</p>\n    <pre><code>$('.target').hide();\n    </code></pre>\n    <p>The matched elements will be hidden immediately, with no animation. This is roughly equivalent to calling <code>.css('display', 'none')</code>, except that the value of the <code>display</code> property is saved in jQuery's data cache so that <code>display</code> can later be restored to its initial value. If an element has a <code>display</code> value of <code>inline</code>, then is hidden and shown, it will once again be displayed <code>inline</code>.</p>\n    <p>When a duration, a plain object, or a \"complete\" function is provided, <code>.hide()</code> becomes an animation method. The <code>.hide()</code> method animates the width, height, and opacity of the matched elements simultaneously. When these properties reach 0, the <code>display</code> style property is set to <code>none</code> to ensure that the element no longer affects the layout of the page.</p>\n    <p>Durations are given in milliseconds; higher values indicate slower animations, not faster ones. The strings <code>'fast'</code> and <code>'slow'</code> can be supplied to indicate durations of <code>200</code> and <code>600</code> milliseconds, respectively.</p>\n    <p>Note that <code>.hide()</code> is fired immediately and will override the animation queue if no duration or a duration of 0 is specified.</p>\n    <p>As of jQuery <strong>1.4.3</strong>, an optional string naming an easing function may be used. Easing functions specify the speed at which the animation progresses at different points within the animation. The only easing implementations in the jQuery library are the default, called <code>swing</code>, and one that progresses at a constant pace, called <code>linear</code>. More easing functions are available with the use of plug-ins, most notably the <a href=\"http://jqueryui.com\">jQuery UI suite</a>.</p>\n    <p>If supplied, the callback is fired once the animation is complete. This can be useful for stringing different animations together in sequence. The callback is not sent any arguments, but <code>this</code> is set to the DOM element being animated. If multiple elements are animated, it is important to note that the callback is executed once per matched element, not once for the animation as a whole.</p>\n    <p>We can animate any element, such as a simple image:</p>\n    <pre><code>&lt;div id=\"clickme\"&gt;\n  Click here\n&lt;/div&gt;\n&lt;img id=\"book\" src=\"book.png\" alt=\"\" width=\"100\" height=\"123\" /&gt;\nWith the element initially shown, we can hide it slowly:\n$('#clickme').click(function() {\n  $('#book').hide('slow', function() {\n    alert('Animation complete.');\n  });\n});</code></pre>\n    <p class=\"image four-across\">\n      <img src=\"/resources/0042_06_05.png\" alt=\"\"/>\n      <img src=\"/resources/0042_06_06.png\" alt=\"\"/>\n      <img src=\"/resources/0042_06_07.png\" alt=\"\"/>\n      <img src=\"/resources/0042_06_08.png\" alt=\"\"/>\n    </p>\n  "}]}