{"name":"input","type":"selector","title":":input Selector","desc":"Selects all input, textarea, select and button elements.","categories":["selectors/form-selectors","selectors/jquery-selector-extensions","version/1.0"],"entries":[{"return":"","signatures":{"added":"1.0"},"examples":{"desc":"Finds all input elements.","code":"\nvar allInputs = $(\":input\");\nvar formChildren = $(\"form > *\");\n$(\"#messages\").text(\"Found \" + allInputs.length + \" inputs and the form has \" +\n                         formChildren.length + \" children.\");\n\n// so it won't submit\n$(\"form\").submit(function () { return false; });\n\n","css":"\n  textarea { height:25px; }\n  ","html":"<form>\n    <input type=\"button\" value=\"Input Button\"/>\n    <input type=\"checkbox\" />\n\n    <input type=\"file\" />\n    <input type=\"hidden\" />\n    <input type=\"image\" />\n\n    <input type=\"password\" />\n    <input type=\"radio\" />\n    <input type=\"reset\" />\n\n    <input type=\"submit\" />\n    <input type=\"text\" />\n    <select><option>Option</option></select>\n\n    <textarea></textarea>\n    <button>Button</button>\n  </form>\n  <div id=\"messages\">\n  </div>"},"longdesc":"\n    <p>The <code>:input</code> selector basically selects all form controls.</p>\n  "}],"slug":"input-selector"}