{"name":"jQuery.unique","type":"method","title":"jQuery.unique()","desc":"Sorts an array of DOM elements, in place, with the duplicates removed. Note that this only works on arrays of DOM elements, not strings or numbers.","categories":["utilities","version/1.1.3"],"entries":[{"return":"Array","signatures":{"added":"1.1.3","argument":{"desc":"The Array of DOM elements.","name":"array","type":"Array"}},"examples":{"desc":"Removes any duplicate elements from the array of divs.","code":"\n\n  var divs = $(\"div\").get(); // unique() must take a native array\n\n  // add 3 elements of class dup too (they are divs)\n  divs = divs.concat($(\".dup\").get());\n  $(\"div:eq(1)\").text(\"Pre-unique there are \" + divs.length + \" elements.\");\n\n  divs = jQuery.unique(divs);\n  $(\"div:eq(2)\").text(\"Post-unique there are \" + divs.length + \" elements.\")\n                .css(\"color\", \"red\");\n","css":"\n  div { color:blue; }\n  ","html":"<div>There are 6 divs in this document.</div>\n  <div></div>\n  <div class=\"dup\"></div>\n  <div class=\"dup\"></div>\n\n  <div class=\"dup\"></div>\n  <div></div>"},"longdesc":"\n    <p>The <code>$.unique()</code> function searches through an array of objects, sorting the array, and removing any duplicate nodes. This function only works on plain JavaScript arrays of DOM elements, and is chiefly used internally by jQuery.</p>\n    <p>As of jQuery 1.4 the results will always be returned in document order.</p>\n  "}]}