{"name":"jQuery.parseJSON","type":"method","title":"jQuery.parseJSON()","desc":"Takes a well-formed JSON string and returns the resulting JavaScript object.","categories":["utilities","version/1.4.1"],"entries":[{"return":"Object","signatures":{"added":"1.4.1","argument":{"desc":"The JSON string to parse.","name":"json","type":"String"}},"examples":{"desc":"Parse a JSON string.","code":"var obj = jQuery.parseJSON('{\"name\":\"John\"}');\nalert( obj.name === \"John\" );"},"longdesc":"\n    <p>Passing in a malformed JSON string may result in an exception being thrown. For example, the following are all malformed JSON strings:</p>\n    <ul>\n      <li><code>{test: 1}</code> (test does not have double quotes around it).</li>\n      <li><code>{'test': 1}</code> ('test' is using single quotes instead of double quotes).</li>\n    </ul>\n    <p>Additionally if you pass in nothing, an empty string, null, or undefined, 'null' will be returned from parseJSON. Where the browser provides a native implementation of <code>JSON.parse</code>, jQuery uses it to parse the string. For details on the JSON format, see <a href=\"http://json.org/\">http://json.org/</a>.\n</p>\n  "}]}