{"name":"jQuery.isWindow","type":"method","title":"jQuery.isWindow()","desc":"Determine whether the argument is a window.","categories":["utilities","version/1.4.3"],"entries":[{"return":"boolean","signatures":{"added":"1.4.3","argument":{"desc":"Object to test whether or not it is a window.","name":"obj","type":"PlainObject"}},"examples":{"desc":"Finds out if the parameter is a window.","code":"$(\"b\").append( \"\" + $.isWindow(window) );","html":"Is 'window' a window? <b></b>"},"longdesc":"\n    <p>This is used in a number of places in jQuery to determine if we're operating against a browser window (such as the current window or an iframe).</p>\n  "}]}