{"name":"lang","type":"selector","title":":lang Selector","desc":"Selects all elements of the specified language.","categories":["selectors/basic-filter-selectors","version/1.9"],"entries":[{"return":"","signatures":{"added":"1.9","argument":{"desc":"A language code.","name":"language","type":"String"}},"examples":{"desc":"Color div elements according to their language.","code":"\n$( \"div:lang(en-us)\" ).addClass( \"usa\" );\n$( \"div:lang(es-es)\" ).addClass( \"spain\" );\n","html":"\n<h3>USA</h3>\n<div lang=\"en-us\">red\n  <div>white\n    <div>and blue</div>\n  </div>\n</div>\n<h3>España</h3>\n<div lang=\"es-es\">rojo\n  <div>amarillo\n    <div>y rojo</div>\n  </div>\n</div>\n","css":"\nbody { background-color: #ccc; }\nh3 { margin: .25em 0; }\ndiv { line-height: 1.5em}\n.usa { background-color: #f00; color: #fff; }\n.usa .usa { background-color: #fff; color: #000; }\n.usa .usa .usa { background-color: #00f; color: #fff; }\n\n.spain { background-color: #f00; color: #ff0; }\n.spain .spain { background-color: #ff0; color: #f00; line-height: 3em; }\n.spain .spain .spain { background-color: #f00; color: #ff0; line-height: 1.5em; }\n"},"longdesc":"\n    <p>The <code>:lang</code> selector matches elements that have a language value equal to the supplied language code or that start with the supplied language code immediately followed by \"-\". For example, the selector <code>$(\"div:lang(en)\")</code>will match <code>&lt;div lang=\"en\"&gt;</code> and <code>&lt;div lang=\"en-us\"&gt;</code> (and any of their descendant <code>&lt;div&gt;</code>s), but not <code>&lt;div lang=\"fr\"&gt;</code></p>\n    <p>For HTML elements, the language value is determined by the <code>lang</code> attribute and possibly information from  <code>meta</code> elements or HTTP headers.</p>\n    <p>Further discussion of this usage can be found in the <a href=\"http://www.w3.org/TR/css3-selectors/#lang-pseudo\">W3C CSS specification</a>.</p>\n  "}],"slug":"lang-selector"}