{"name":"last-of-type","type":"selector","title":":last-of-type Selector","desc":"Selects all elements that are the last among siblings of the same element name.","categories":["selectors/child-filter-selectors","version/1.9"],"entries":[{"return":"","signatures":{"added":"1.9"},"examples":{"desc":"Find the last span in each matched div and add some css plus a hover state.","code":"\n$(\"span:last-of-type\")\n    .css({color:\"red\", fontSize:\"80%\"})\n    .hover(function () {\n          $(this).addClass(\"solast\");\n        }, function () {\n          $(this).removeClass(\"solast\");\n        });\n","css":"\nspan.solast { text-decoration:line-through; }\n  ","html":"<div>\n    <span>Corey,</span>\n    <span>Yehuda,</span>\n    <span>Adam,</span>\n    <span>Todd</span>\n  </div>\n  <div>\n    <span>Jörn,</span>\n    <span>Scott,</span>\n    <span>Timo,</span>\n    <b>Nobody</b>\n  </div>"},"longdesc":"\n    <p>The <code>:last-of-type</code> selector matches elements that have no other element with the same parent and the same element name coming after it in the document tree.</p>\n  "}],"slug":"last-of-type-selector"}