{"name":"nth-last-of-type","type":"selector","title":":nth-last-of-type() Selector","desc":"Selects all elements that are the nth-child of their parent, counting from the last element to the first.","categories":["selectors/child-filter-selectors","version/1.9"],"entries":[{"return":"","signatures":{"added":"1.9","argument":{"desc":"The index of each child to match, starting with the last one (<code>1</code>), the string <code>even</code> or <code>odd</code>, or an equation ( eg. <code>:nth-last-of-type(even)</code>, <code>:nth-last-of-type(4n)</code> )","name":"index","type":"Number/String"}},"examples":[{"desc":"Find the second to last li in each matched ul and note it.","code":"$(\"ul li:nth-last-of-type(2)\").append(\"<span> - 2nd to last!</span>\");","css":"\n  div { float:left; }\n  span { color:blue; }\n  ","html":"<div>\n  <ul>\n    <li>John</li>\n    <li>Karl</li>\n    <li>Adam</li>\n  </ul>\n</div>\n<div>\n  <ul>\n    <li>Dan</li>\n  </ul>\n</div>\n<div>\n  <ul>\n    <li>Dave</li>\n    <li>Rick</li>\n    <li>Timmy</li>\n    <li>Gibson</li>\n  </ul>\n</div>"},{"desc":"This is a playground to see how the selector works with different strings. ","code":"\n$(\"button\").click(function () {\n  var str = $(this).text();\n  $(\"tr\").css(\"background\", \"white\");\n  $(\"tr\" + str).css(\"background\", \"#ff0000\");\n  $(\"#inner\").text(str);\n});\n","css":"\nbutton { display:block; font-size:12px; width:100px; }\ndiv { float:left; margin:10px; font-size:10px;\n      border:1px solid black; }\nspan { color:blue; font-size:18px; }\n#inner { color:red; }\ntd { width:50px; text-align:center; }\n","html":"<div>\n  <button>:nth-last-of-type(even)</button>\n  <button>:nth-last-of-type(odd)</button>\n  <button>:nth-last-of-type(3n)</button>\n  <button>:nth-last-of-type(2)</button>\n</div>\n<div>\n  <button>:nth-last-of-type(3n+1)</button>\n  <button>:nth-last-of-type(3n+2)</button>\n</div>\n\n<div>\n  <table>\n    <tr><td>John</td></tr>\n    <tr><td>Karl</td></tr>\n    <tr><td>Brandon</td></tr>\n    <tr><td>Benjamin</td></tr>\n  </table>\n</div>\n<div>\n  <table>\n    <tr><td>Sam</td></tr>\n  </table>\n</div>\n<div>\n  <table>\n    <tr><td>Glen</td></tr>\n    <tr><td>Tane</td></tr>\n    <tr><td>Ralph</td></tr>\n    <tr><td>David</td></tr>\n    <tr><td>Mike</td></tr>\n    <tr><td>Dan</td></tr>\n  </table>\n</div>\n\n<span>tr<span id=\"inner\"></span></span>\n"}],"longdesc":"\n    <p>Because jQuery's implementation of <code>:nth-</code> selectors is strictly derived from the CSS specification, the value of <code>n</code> is \"1-indexed\", meaning that the counting starts at 1. For other selector expressions such as <code>:eq()</code> or <code>:even</code> jQuery follows JavaScript's \"0-indexed\" counting. Given a single <code>&lt;ul&gt;</code> containing three <code>&lt;li&gt;</code>s, <code>$('li:nth-last-of-type(1)')</code> selects the third, last, <code>&lt;li&gt;</code>.</p>\n    <p>Further discussion of this usage can be found in the <a href=\"http://www.w3.org/TR/css3-selectors/#nth-last-of-type-pseudo\">W3C CSS specification</a>.</p>\n  "}],"slug":"nth-last-of-type-selector"}