{"name":"one","type":"method","title":".one()","desc":"Attach a handler to an event for the elements. The handler is executed at most once per element.","categories":["events/event-handler-attachment","version/1.1"],"entries":[{"return":"jQuery","signatures":[{"added":"1.1","argument":[{"desc":"A string containing one or more JavaScript event types, such as \"click\" or \"submit,\" or custom event names.","name":"events","type":"String"},{"desc":"An object containing data that will be passed to the event handler.","name":"data","type":"PlainObject","optional":"true"},{"desc":"A function to execute at the time the event is triggered.","name":"handler(eventObject)","type":"Function"}]},{"added":"1.7","argument":[{"desc":"One or more space-separated event types and optional namespaces, such as \"click\" or \"keydown.myPlugin\".","name":"events","type":"String"},{"desc":"A selector string to filter the descendants of the selected elements that trigger the event. If the selector is <code>null</code> or omitted, the event is always triggered when it reaches the selected element.","name":"selector","type":"String","optional":"true"},{"desc":"Data to be passed to the handler in <ahref=\"/event.data\"><code>event.data</code></a> when an event is triggered.","name":"data","type":"Anything","optional":"true"},{"desc":"A function to execute when the event is triggered. The value <code>false</code> is also allowed as a shorthand for a function that simply does <code>return false</code>.","name":"handler(eventObject)","type":"Function"}]},{"added":"1.7","argument":[{"desc":"An object in which the string keys represent one or more space-separated event types and optional namespaces, and the values represent a handler function to be called for the event(s).","name":"events","type":"PlainObject"},{"desc":"A selector string to filter the descendants of the selected elements that will call the handler. If the selector is null or omitted, the handler is always called when it reaches the selected element.","name":"selector","type":"String","optional":"true"},{"desc":"Data to be passed to the handler in <ahref=\"http://api.jquery.com/event.data\"><code>event.data</code></a> when an event occurs.","name":"data","type":"Anything","optional":"true"}]}],"examples":[{"desc":"Tie a one-time click to each div.","code":"\nvar n = 0;\n$(\"div\").one(\"click\", function() {\n  var index = $(\"div\").index(this);\n  $(this).css({\n    borderStyle:\"inset\",\n    cursor:\"auto\"\n  });\n  $(\"p\").text(\"Div at index #\" + index + \" clicked.\" +\n      \"  That's \" + ++n + \" total clicks.\");\n});\n\n","css":"\ndiv { width:60px; height:60px; margin:5px; float:left;\nbackground:green; border:10px outset;\ncursor:pointer; }\np { color:red; margin:0; clear:left; }\n","html":"\n<div></div>\n<div></div>\n<div></div>\n<div></div>\n<div></div>\n\n<p>Click a green square...</p>\n"},{"desc":"To display the text of all paragraphs in an alert box the first time each of them is clicked:","code":"$(\"p\").one(\"click\", function(){\nalert( $(this).text() );\n});"}],"longdesc":"\n    <p>The first form of this method is identical to <code>.bind()</code>, except that the handler is unbound after its first invocation. The second two forms, introduced in jQuery 1.7, are identical to <code>.on()</code> except that the handler is removed after the first time the event occurs at the delegated element, whether the selector matched anything or not. For example:</p>\n    <pre><code>$(\"#foo\").one(\"click\", function() {\n  alert(\"This will be displayed only once.\");\n});\n$(\"body\").one(\"click\", \"#foo\", function() {\n  alert(\"This displays if #foo is the first thing clicked in the body.\");\n});\n</code></pre>\n    <p>After the code is executed, a click on the element with ID <code>foo</code> will display the alert. Subsequent clicks will do nothing. This code is equivalent to:</p>\n    <pre><code>$(\"#foo\").bind(\"click\", function( event ) {\n  alert(\"This will be displayed only once.\");\n  $(this).unbind( event );\n});\n</code></pre>\n    <p>In other words, explicitly calling <code>.unbind()</code> from within a regularly-bound handler has exactly the same effect.</p>\n    <p>If the first argument contains more than one space-separated event types, the event handler is called <em>once for each event type</em>.</p>\n  "}]}