{"name":"only-of-type","type":"selector","title":":only-of-type Selector","desc":"Selects all elements that have no siblings with the same element name.","categories":["selectors/child-filter-selectors","version/1.9"],"entries":[{"return":"","signatures":{"added":"1.9"},"examples":{"desc":"Change the text and add a border for each button that is the only child button of its parent.","code":"\n  $(\"button:only-of-type\").text(\"Alone\").css(\"border\", \"2px blue solid\");\n","css":"\n  div { width:100px; height:80px; margin:5px; float:left; background:#b9e; }\n  span { padding: 2px; margin: 3px; line-height: 1.4; border: 1px solid #000; }\n","html":"<div>\n  <button>Sibling!</button>\n  <button>Sibling!</button>\n</div>\n\n<div>\n  <button>Sibling!</button>\n</div>\n<div>\n  None\n</div>\n\n<div>\n  <button>Sibling!</button>\n  <span>Sibling!</span>\n  <span>Sibling!</span>\n\n</div>\n<div>\n  <button>Sibling!</button>\n</div>"},"longdesc":"\n    <p>If the parent has other child elements with the same element name, nothing is matched.</p>\n  "}],"slug":"only-of-type-selector"}