{"name":"scroll","type":"method","title":".scroll()","desc":"Bind an event handler to the \"scroll\" JavaScript event, or trigger that event on an element.","categories":["events/browser-events","version/1.0","version/1.4.3"],"entries":[{"return":"jQuery","signatures":[{"added":"1.0","argument":{"desc":"A function to execute each time the event is triggered.","name":"handler(eventObject)","type":"Function"}},{"added":"1.4.3","argument":[{"desc":"An object containing data that will be passed to the event handler.","name":"eventData","type":"PlainObject","optional":"true"},{"desc":"A function to execute each time the event is triggered.","name":"handler(eventObject)","type":"Function"}]},{"added":"1.0"}],"examples":{"desc":"To do something when your page is scrolled:","code":"\n$(\"p\").clone().appendTo(document.body);\n$(\"p\").clone().appendTo(document.body);\n$(\"p\").clone().appendTo(document.body);\n$(window).scroll(function () {\n  $(\"span\").css(\"display\", \"inline\").fadeOut(\"slow\");\n});\n","css":"\n  div { color:blue; }\n  p { color:green; }\n  span { color:red; display:none; }\n  ","html":"<div>Try scrolling the iframe.</div>\n  <p>Paragraph - <span>Scroll happened!</span></p>"},"longdesc":"\n    <p>This method is a shortcut for <code>.bind('scroll', handler)</code> in the first and second variations, and <code>.trigger('scroll')</code> in the third.</p>\n    <p>The <code>scroll</code> event is sent to an element when the user scrolls to a different place in the element. It applies to <code>window</code> objects, but also to scrollable frames and elements with the <code>overflow </code>CSS property set to <code>scroll</code> (or <code>auto</code> when the element's explicit height or width is less than the height or width of its contents).</p>\n    <p>For example, consider the HTML:</p>\n    <pre><code>&lt;div id=\"target\" style=\"overflow: scroll; width: 200px; height: 100px;\"&gt;\n  Lorem ipsum dolor sit amet, consectetur adipisicing elit,\n  sed do eiusmod tempor incididunt ut labore et dolore magna\n  aliqua. Ut enim ad minim veniam, quis nostrud exercitation\n  ullamco laboris nisi ut aliquip ex ea commodo consequat.\n  Duis aute irure dolor in reprehenderit in voluptate velit\n  esse cillum dolore eu fugiat nulla pariatur. Excepteur\n  sint occaecat cupidatat non proident, sunt in culpa qui\n  officia deserunt mollit anim id est laborum.\n&lt;/div&gt;\n&lt;div id=\"other\"&gt;\n  Trigger the handler\n&lt;/div&gt;\n&lt;div id=\"log\"&gt;&lt;/div&gt;</code></pre>\n    <p>The style definition is present to make the target element small enough to be scrollable:</p>\n    <p class=\"image\">\n      <img src=\"/resources/0042_05_11.png\" alt=\"\"/>\n    </p>\n    <p>The <code>scroll</code> event handler can be bound to this element:</p>\n    <pre><code>$('#target').scroll(function() {\n  $('#log').append('&lt;div&gt;Handler for .scroll() called.&lt;/div&gt;');\n});</code></pre>\n    <p>Now when the user scrolls the text up or down, one or more messages are appended to <code>&lt;div id=\"log\"&gt;&lt;/div&gt;</code>:</p>\n    <p>\n      <span class=\"output\">Handler for .scroll() called.</span>\n    </p>\n    <p>To trigger the event manually, apply <code>.scroll()</code> without an argument:</p>\n    <pre><code>$('#other').click(function() {\n  $('#target').scroll();\n});</code></pre>\n    <p>After this code executes, clicks on <span class=\"output\">Trigger the handler</span> will also append the message.</p>\n    <p>A <code>scroll</code> event is sent whenever the element's scroll position changes, regardless of the cause. A mouse click or drag on the scroll bar, dragging inside the element, pressing the arrow keys, or using the mouse's scroll wheel could cause this event.</p>\n  "}]}