{"name":"submit","type":"selector","title":":submit Selector","desc":"Selects all elements of type submit.","categories":["selectors/form-selectors","selectors/jquery-selector-extensions","version/1.0"],"entries":[{"return":"","signatures":{"added":"1.0"},"examples":{"desc":"Finds all submit elements that are descendants of a td element.","code":"\nvar submitEl = $(\"td :submit\")\n  .parent('td')\n  .css({background:\"yellow\", border:\"3px red solid\"})\n.end();\n\n$('#result').text('jQuery matched ' + submitEl.length + ' elements.');\n\n// so it won't submit\n$(\"form\").submit(function () { return false; });\n\n// Extra JS to make the HTML easier to edit (None of this is relevant to the ':submit' selector\n$('#exampleTable').find('td').each(function(i, el) {\n    var inputEl = $(el).children(),\n        inputType = inputEl.attr('type') ? ' type=\"' + inputEl.attr('type') + '\"' : '';\n    $(el).before('<td>' + inputEl[0].nodeName + inputType + '</td>');\n})\n","css":"\n  textarea { height:45px; }\n  ","html":"\n<form>\n<table id=\"exampleTable\" border=\"1\" cellpadding=\"10\" align=\"center\">\n  <tr>\n    <th>\n      Element Type\n    </th>\n    <th>\n      Element\n    </th>\n  </tr>\n  <tr>\n    <td>\n      <input type=\"button\" value=\"Input Button\"/>\n    </td>\n  </tr>\n  <tr>\n    <td>\n      <input type=\"checkbox\" />\n    </td>\n  </tr>\n  <tr>\n    <td>\n      <input type=\"file\" />\n    </td>\n  </tr>\n  <tr>\n    <td>\n      <input type=\"hidden\" />\n    </td>\n  </tr>\n  <tr>\n    <td>\n      <input type=\"image\" />\n    </td>\n  </tr>\n  <tr>\n    <td>\n      <input type=\"password\" />\n    </td>\n  </tr>\n  <tr>\n    <td>\n      <input type=\"radio\" />\n    </td>\n\n  </tr>\n  <tr>\n    <td>\n      <input type=\"reset\" />\n    </td>\n  </tr>\n  <tr>\n    <td>\n      <input type=\"submit\" />\n    </td>\n  </tr>\n  <tr>\n    <td>\n      <input type=\"text\" />\n    </td>\n  </tr>\n  <tr>\n    <td>\n      <select><option>Option</option></select>\n    </td>\n  </tr>\n  <tr>\n    <td>\n      <textarea></textarea>\n    </td>\n  </tr>\n  <tr>\n    <td>\n      <button>Button</button>\n    </td>\n  </tr>\n  <tr>\n    <td>\n      <button type=\"submit\">Button type=\"submit\"</button>\n    </td>\n  </tr>\n\n</table>\n</form>\n<div id=\"result\"></div>\n"},"longdesc":"\n    <p>The <code>:submit</code> selector typically applies to button or input elements. Note that some browsers treat <code>&lt;button&gt;</code> element as <code>type=\"default\"</code> implicitly while others (such as Internet Explorer) do not.  </p>\n  "}],"slug":"submit-selector"}