{"name":"Version","slug":"version","entries":[],"subcats":[{"name":"Version 1.0","slug":"1.0","entries":[{"title":".add()","desc":"Add elements to the set of matched elements.","slug":"add"},{"title":".addClass()","desc":"Adds the specified class(es) to each of the set of matched elements.","slug":"addClass"},{"title":".after()","desc":"Insert content, specified by the parameter, after each element in the s...","slug":"after"},{"title":".ajaxComplete()","desc":"Register a handler to be called when Ajax requests complete. This is an...","slug":"ajaxComplete"},{"title":".ajaxError()","desc":"Register a handler to be called when Ajax requests complete with an err...","slug":"ajaxError"},{"title":".ajaxSend()","desc":"Attach a function to be executed before an Ajax request is sent. This i...","slug":"ajaxSend"},{"title":".ajaxStart()","desc":"Register a handler to be called when the first Ajax request begins. Thi...","slug":"ajaxStart"},{"title":".ajaxStop()","desc":"Register a handler to be called when all Ajax requests have completed. ...","slug":"ajaxStop"},{"title":".ajaxSuccess()","desc":"Attach a function to be executed whenever an Ajax request completes suc...","slug":"ajaxSuccess"},{"title":"All Selector (\"*\")","desc":"Selects all elements.","slug":"all-selector"},{"title":".animate()","desc":"Perform a custom animation of a set of CSS properties.","slug":"animate"},{"title":".append()","desc":"Insert content, specified by the parameter, to the end of each element ...","slug":"append"},{"title":".appendTo()","desc":"Insert every element in the set of matched elements to the end of the t...","slug":"appendTo"},{"title":".attr()","desc":"Get the value of an attribute for the first element in the set of match...","slug":"attr"},{"title":"Attribute Contains Prefix Selector [name|=\"value\"]","desc":"Selects elements that have the specified attribute with a value either ...","slug":"attribute-contains-prefix-selector"},{"title":"Attribute Contains Selector [name*=\"value\"]","desc":"Selects elements that have the specified attribute with a value contain...","slug":"attribute-contains-selector"},{"title":"Attribute Contains Word Selector [name~=\"value\"]","desc":"Selects elements that have the specified attribute with a value contain...","slug":"attribute-contains-word-selector"},{"title":"Attribute Ends With Selector [name$=\"value\"]","desc":"Selects elements that have the specified attribute with a value ending ...","slug":"attribute-ends-with-selector"},{"title":"Attribute Equals Selector [name=\"value\"]","desc":"Selects elements that have the specified attribute with a value exactly...","slug":"attribute-equals-selector"},{"title":"Attribute Not Equal Selector [name!=\"value\"]","desc":"Select elements that either don't have the specified attribute, or do h...","slug":"attribute-not-equal-selector"},{"title":"Attribute Starts With Selector [name^=\"value\"]","desc":"Selects elements that have the specified attribute with a value beginni...","slug":"attribute-starts-with-selector"},{"title":".before()","desc":"Insert content, specified by the parameter, before each element in the ...","slug":"before"},{"title":".bind()","desc":"Attach a handler to an event for the elements.","slug":"bind"},{"title":".blur()","desc":"Bind an event handler to the \"blur\" JavaScript event, or trigger that e...","slug":"blur"},{"title":":button Selector","desc":"Selects all button elements and elements of type button.","slug":"button-selector"},{"title":".change()","desc":"Bind an event handler to the \"change\" JavaScript event, or trigger that...","slug":"change"},{"title":":checkbox Selector","desc":"Selects all elements of type checkbox.","slug":"checkbox-selector"},{"title":":checked Selector","desc":"Matches all elements that are checked.","slug":"checked-selector"},{"title":"Child Selector (\"parent > child\")","desc":"Selects all direct child elements specified by \"child\" of elements spec...","slug":"child-selector"},{"title":".children()","desc":"Get the children of each element in the set of matched elements, option...","slug":"children"},{"title":"Class Selector (\".class\")","desc":"Selects all elements with the given class. ","slug":"class-selector"},{"title":".click()","desc":"Bind an event handler to the \"click\" JavaScript event, or trigger that ...","slug":"click"},{"title":".clone()","desc":"Create a deep copy of the set of matched elements.","slug":"clone"},{"title":".css()","desc":"Get the value of a style property for the first element in the set of m...","slug":"css"},{"title":".dblclick()","desc":"Bind an event handler to the \"dblclick\" JavaScript event, or trigger th...","slug":"dblclick"},{"title":"Descendant Selector (\"ancestor descendant\")","desc":"Selects all elements that are descendants of a given ancestor.","slug":"descendant-selector"},{"title":":disabled Selector","desc":"Selects all elements that are disabled.","slug":"disabled-selector"},{"title":".each()","desc":"Iterate over a jQuery object, executing a function for each matched ele...","slug":"each"},{"title":"Element Selector (\"element\")","desc":"Selects all elements with the given tag name.","slug":"element-selector"},{"title":":empty Selector","desc":"Select all elements that have no children (including text nodes).","slug":"empty-selector"},{"title":".empty()","desc":"Remove all child nodes of the set of matched elements from the DOM.","slug":"empty"},{"title":":enabled Selector","desc":"Selects all elements that are enabled.","slug":"enabled-selector"},{"title":".end()","desc":"End the most recent filtering operation in the current chain and return...","slug":"end"},{"title":":eq() Selector","desc":"Select the element at index n within the matched set.","slug":"eq-selector"},{"title":".error()","desc":"Bind an event handler to the \"error\" JavaScript event.","slug":"error"},{"title":":even Selector","desc":"Selects even elements, zero-indexed.  See also odd.","slug":"even-selector"},{"title":"event.preventDefault()","desc":" If this method is called, the default action of the event will not be ...","slug":"event.preventDefault"},{"title":"event.stopPropagation()","desc":"Prevents the event from bubbling up the DOM tree, preventing any parent...","slug":"event.stopPropagation"},{"title":"event.target","desc":" The DOM element that initiated the event.  ","slug":"event.target"},{"title":"event.type","desc":" Describes the nature of the event.  ","slug":"event.type"},{"title":".fadeIn()","desc":"Display the matched elements by fading them to opaque.","slug":"fadeIn"},{"title":".fadeOut()","desc":"Hide the matched elements by fading them to transparent.","slug":"fadeOut"},{"title":".fadeTo()","desc":"Adjust the opacity of the matched elements.","slug":"fadeTo"},{"title":":file Selector","desc":"Selects all elements of type file.","slug":"file-selector"},{"title":".filter()","desc":"Reduce the set of matched elements to those that match the selector or ...","slug":"filter"},{"title":".find()","desc":"Get the descendants of each element in the current set of matched eleme...","slug":"find"},{"title":":first Selector","desc":"Selects the first matched element.","slug":"first-selector"},{"title":".focus()","desc":"Bind an event handler to the \"focus\" JavaScript event, or trigger that ...","slug":"focus"},{"title":".get()","desc":"Retrieve the DOM elements matched by the jQuery object.","slug":"get"},{"title":":gt() Selector","desc":"Select all elements at an index greater than index within the matched s...","slug":"gt-selector"},{"title":"Has Attribute Selector [name]","desc":"Selects elements that have the specified attribute, with any value. ","slug":"has-attribute-selector"},{"title":".height()","desc":"Get the current computed height for the first element in the set of mat...","slug":"height"},{"title":":hidden Selector","desc":"Selects all elements that are hidden.","slug":"hidden-selector"},{"title":".hide()","desc":"Hide the matched elements.","slug":"hide"},{"title":".hover()","desc":"Bind one or two handlers to the matched elements, to be executed when t...","slug":"hover"},{"title":".html()","desc":"Get the HTML contents of the first element in the set of matched elemen...","slug":"html"},{"title":"ID Selector (\"#id\")","desc":"Selects a single element with the given id attribute. ","slug":"id-selector"},{"title":":image Selector","desc":"Selects all elements of type image.","slug":"image-selector"},{"title":".index()","desc":"Search for a given element from among the matched elements.","slug":"index"},{"title":":input Selector","desc":"Selects all input, textarea, select and button elements.","slug":"input-selector"},{"title":".insertAfter()","desc":"Insert every element in the set of matched elements after the target.","slug":"insertAfter"},{"title":".insertBefore()","desc":"Insert every element in the set of matched elements before the target.","slug":"insertBefore"},{"title":".is()","desc":"Check the current matched set of elements against a selector, element, ...","slug":"is"},{"title":"jQuery.ajax()","desc":"Perform an asynchronous HTTP (Ajax) request.","slug":"jQuery.ajax"},{"title":"jQuery.boxModel","desc":"Deprecated in jQuery 1.3 (see jQuery.support). States if the current pa...","slug":"jQuery.boxModel"},{"title":"jQuery.browser","desc":"Contains flags for the useragent, read from navigator.userAgent. We rec...","slug":"jQuery.browser"},{"title":"jQuery.each()","desc":"A generic iterator function, which can be used to seamlessly iterate ov...","slug":"jQuery.each"},{"title":"jQuery.extend()","desc":"Merge the contents of two or more objects together into the first objec...","slug":"jQuery.extend"},{"title":"jQuery.get()","desc":"Load data from the server using a HTTP GET request.","slug":"jQuery.get"},{"title":"jQuery.getJSON()","desc":"Load JSON-encoded data from the server using a GET HTTP request.","slug":"jQuery.getJSON"},{"title":"jQuery.getScript()","desc":"Load a JavaScript file from the server using a GET HTTP request, then e...","slug":"jQuery.getScript"},{"title":"jQuery.grep()","desc":"Finds the elements of an array which satisfy a filter function. The ori...","slug":"jQuery.grep"},{"title":"jQuery.map()","desc":"Translate all items in an array or object to new array of items.","slug":"jQuery.map"},{"title":"jQuery.merge()","desc":"Merge the contents of two arrays together into the first array. ","slug":"jQuery.merge"},{"title":"jQuery.noConflict()","desc":"Relinquish jQuery's control of the $ variable.","slug":"jQuery.noConflict"},{"title":"jQuery.post()","desc":"Load data from the server using a HTTP POST request.","slug":"jQuery.post"},{"title":"jQuery.trim()","desc":"Remove the whitespace from the beginning and end of a string.","slug":"jQuery.trim"},{"title":"jQuery()","desc":"Return a collection of matched elements either found in the DOM based o...","slug":"jQuery"},{"title":".keydown()","desc":"Bind an event handler to the \"keydown\" JavaScript event, or trigger tha...","slug":"keydown"},{"title":".keypress()","desc":"Bind an event handler to the \"keypress\" JavaScript event, or trigger th...","slug":"keypress"},{"title":".keyup()","desc":"Bind an event handler to the \"keyup\" JavaScript event, or trigger that ...","slug":"keyup"},{"title":":last Selector","desc":"Selects the last matched element.","slug":"last-selector"},{"title":".length","desc":"The number of elements in the jQuery object.","slug":"length"},{"title":".load()","desc":"Bind an event handler to the \"load\" JavaScript event.","slug":"load-event"},{"title":".load()","desc":"Load data from the server and place the returned HTML into the matched ...","slug":"load"},{"title":":lt() Selector","desc":"Select all elements at an index less than index within the matched set....","slug":"lt-selector"},{"title":".mousedown()","desc":"Bind an event handler to the \"mousedown\" JavaScript event, or trigger t...","slug":"mousedown"},{"title":".mouseenter()","desc":"Bind an event handler to be fired when the mouse enters an element, or ...","slug":"mouseenter"},{"title":".mouseleave()","desc":"Bind an event handler to be fired when the mouse leaves an element, or ...","slug":"mouseleave"},{"title":".mousemove()","desc":"Bind an event handler to the \"mousemove\" JavaScript event, or trigger t...","slug":"mousemove"},{"title":".mouseout()","desc":"Bind an event handler to the \"mouseout\" JavaScript event, or trigger th...","slug":"mouseout"},{"title":".mouseover()","desc":"Bind an event handler to the \"mouseover\" JavaScript event, or trigger t...","slug":"mouseover"},{"title":".mouseup()","desc":"Bind an event handler to the \"mouseup\" JavaScript event, or trigger tha...","slug":"mouseup"},{"title":"Multiple Attribute Selector [name=\"value\"][name2=\"value2\"]","desc":"Matches elements that match all of the specified attribute filters.","slug":"multiple-attribute-selector"},{"title":"Multiple Selector (\"selector1, selector2, selectorN\")","desc":"Selects the combined results of all the specified selectors.","slug":"multiple-selector"},{"title":"Next Adjacent Selector (\"prev + next\")","desc":"Selects all next elements matching \"next\" that are immediately preceded...","slug":"next-adjacent-Selector"},{"title":"Next Siblings Selector (\"prev ~ siblings\")","desc":"Selects all sibling elements that follow after the \"prev\" element, have...","slug":"next-siblings-selector"},{"title":".next()","desc":"Get the immediately following sibling of each element in the set of mat...","slug":"next"},{"title":":not() Selector","desc":"Selects all elements that do not match the given selector.","slug":"not-selector"},{"title":".not()","desc":"Remove elements from the set of matched elements.","slug":"not"},{"title":":odd Selector","desc":"Selects odd elements, zero-indexed.  See also even.","slug":"odd-selector"},{"title":":parent Selector","desc":"Select all elements that that have at least one child node (either an e...","slug":"parent-selector"},{"title":".parent()","desc":"Get the parent of each element in the current set of matched elements, ...","slug":"parent"},{"title":".parents()","desc":"Get the ancestors of each element in the current set of matched element...","slug":"parents"},{"title":":password Selector","desc":"Selects all elements of type password.","slug":"password-selector"},{"title":".prepend()","desc":"Insert content, specified by the parameter, to the beginning of each el...","slug":"prepend"},{"title":".prependTo()","desc":"Insert every element in the set of matched elements to the beginning of...","slug":"prependTo"},{"title":".prev()","desc":"Get the immediately preceding sibling of each element in the set of mat...","slug":"prev"},{"title":".pushStack()","desc":"Add a collection of DOM elements onto the jQuery stack.","slug":"pushStack"},{"title":":radio Selector","desc":"Selects all  elements of type radio.","slug":"radio-selector"},{"title":".ready()","desc":"Specify a function to execute when the DOM is fully loaded.","slug":"ready"},{"title":".remove()","desc":"Remove the set of matched elements from the DOM.","slug":"remove"},{"title":".removeAttr()","desc":"Remove an attribute from each element in the set of matched elements.","slug":"removeAttr"},{"title":".removeClass()","desc":"Remove a single class, multiple classes, or all classes from each eleme...","slug":"removeClass"},{"title":":reset Selector","desc":"Selects all elements of type reset.","slug":"reset-selector"},{"title":".resize()","desc":"Bind an event handler to the \"resize\" JavaScript event, or trigger that...","slug":"resize"},{"title":".scroll()","desc":"Bind an event handler to the \"scroll\" JavaScript event, or trigger that...","slug":"scroll"},{"title":".select()","desc":"Bind an event handler to the \"select\" JavaScript event, or trigger that...","slug":"select"},{"title":":selected Selector","desc":"Selects all elements that are selected.","slug":"selected-selector"},{"title":".serialize()","desc":"Encode a set of form elements as a string for submission.","slug":"serialize"},{"title":".show()","desc":"Display the matched elements.","slug":"show"},{"title":".siblings()","desc":"Get the siblings of each element in the set of matched elements, option...","slug":"siblings"},{"title":".size()","desc":"Return the number of elements in the jQuery object.","slug":"size"},{"title":".slideDown()","desc":"Display the matched elements with a sliding motion.","slug":"slideDown"},{"title":".slideToggle()","desc":"Display or hide the matched elements with a sliding motion.","slug":"slideToggle"},{"title":".slideUp()","desc":"Hide the matched elements with a sliding motion.","slug":"slideUp"},{"title":":submit Selector","desc":"Selects all elements of type submit.","slug":"submit-selector"},{"title":".submit()","desc":"Bind an event handler to the \"submit\" JavaScript event, or trigger that...","slug":"submit"},{"title":":text Selector","desc":"Selects all elements of type text.","slug":"text-selector"},{"title":".text()","desc":"Get the combined text contents of each element in the set of matched el...","slug":"text"},{"title":".toggle()","desc":"Bind two or more handlers to the matched elements, to be executed on al...","slug":"toggle-event"},{"title":".toggle()","desc":"Display or hide the matched elements.","slug":"toggle"},{"title":".toggleClass()","desc":"Add or remove one or more classes from each element in the set of match...","slug":"toggleClass"},{"title":".trigger()","desc":"Execute all handlers and behaviors attached to the matched elements for...","slug":"trigger"},{"title":".unbind()","desc":"Remove a previously-attached event handler from the elements.","slug":"unbind"},{"title":".unload()","desc":"Bind an event handler to the \"unload\" JavaScript event.","slug":"unload"},{"title":".val()","desc":"Get the current value of the first element in the set of matched elemen...","slug":"val"},{"title":":visible Selector","desc":"Selects all elements that are visible.","slug":"visible-selector"},{"title":".width()","desc":"Get the current computed width for the first element in the set of matc...","slug":"width"},{"title":".wrap()","desc":"Wrap an HTML structure around each element in the set of matched elemen...","slug":"wrap"}]},{"name":"Version 1.0.4","slug":"1.0.4","entries":[{"title":"event.metaKey","desc":"Indicates whether the META key was pressed when the event fired.","slug":"event.metaKey"},{"title":"event.pageX","desc":"The mouse position relative to the left edge of the document. ","slug":"event.pageX"},{"title":"event.pageY","desc":"The mouse position relative to the top edge of the document. ","slug":"event.pageY"},{"title":"jQuery.globalEval()","desc":"Execute some JavaScript code globally.","slug":"jQuery.globalEval"}]},{"name":"Version 1.1","slug":"1.1","entries":[{"title":".attr()","desc":"Get the value of an attribute for the first element in the set of match...","slug":"attr"},{"title":"event.data","desc":"An optional object of data passed to an event method when the current e...","slug":"event.data"},{"title":"jQuery.ajaxSetup()","desc":"Set default values for future Ajax requests.","slug":"jQuery.ajaxSetup"},{"title":".one()","desc":"Attach a handler to an event for the elements. The handler is executed ...","slug":"one"}]},{"name":"Version 1.1.2","slug":"1.1.2","entries":[{"title":".eq()","desc":"Reduce the set of matched elements to the one at the specified index.","slug":"eq"}]},{"name":"Version 1.1.3","slug":"1.1.3","entries":[{"title":"event.which","desc":" For key or mouse events, this property indicates the specific key or b...","slug":"event.which"},{"title":"jQuery.browser","desc":"Contains flags for the useragent, read from navigator.userAgent. We rec...","slug":"jQuery.browser"},{"title":"jQuery.unique()","desc":"Sorts an array of DOM elements, in place, with the duplicates removed. ...","slug":"jQuery.unique"}]},{"name":"Version 1.1.4","slug":"1.1.4","entries":[{"title":":contains() Selector","desc":"Select all elements that contain the specified text.","slug":"contains-selector"},{"title":"event.relatedTarget","desc":"The other DOM element involved in the event, if any. ","slug":"event.relatedTarget"},{"title":":first-child Selector","desc":"Selects all elements that are the first child of their parent.","slug":"first-child-selector"},{"title":":has() Selector","desc":"Selects elements which contain at least one element that matches the sp...","slug":"has-selector"},{"title":"jQuery.isXMLDoc()","desc":"Check to see if a DOM node is within an XML document (or is an XML docu...","slug":"jQuery.isXMLDoc"},{"title":":last-child Selector","desc":"Selects all elements that are the last child of their parent.","slug":"last-child-selector"},{"title":":nth-child() Selector","desc":"Selects all elements that are the nth-child of their parent.","slug":"nth-child-selector"},{"title":":only-child Selector","desc":"Selects all elements that are the only child of their parent.","slug":"only-child-selector"},{"title":".slice()","desc":"Reduce the set of matched elements to a subset specified by a range of ...","slug":"slice"}]},{"name":"Version 1.2","slug":"1.2","entries":[{"title":".andSelf()","desc":"Add the previous set of elements on the stack to the current set.","slug":"andSelf"},{"title":":animated Selector","desc":"Select all elements that are in the progress of an animation at the tim...","slug":"animated-selector"},{"title":".contents()","desc":"Get the children of each element in the set of matched elements, includ...","slug":"contents"},{"title":".dequeue()","desc":"Execute the next function on the queue for the matched elements.","slug":"dequeue"},{"title":".hasClass()","desc":"Determine whether any of the matched elements are assigned the given cl...","slug":"hasClass"},{"title":":header Selector","desc":"Selects all elements that are headers, like h1, h2, h3 and so on.","slug":"header-selector"},{"title":"jQuery.inArray()","desc":"Search for a specified value within an array and return its index (or -...","slug":"jQuery.inArray"},{"title":"jQuery.isFunction()","desc":"Determine if the argument passed is a Javascript function object. ","slug":"jQuery.isFunction"},{"title":"jQuery.makeArray()","desc":"Convert an array-like object into a true JavaScript array.","slug":"jQuery.makeArray"},{"title":"jQuery.param()","desc":"Create a serialized representation of an array or object, suitable for ...","slug":"jQuery.param"},{"title":".map()","desc":"Pass each element in the current matched set through a function, produc...","slug":"map"},{"title":".nextAll()","desc":"Get all following siblings of each element in the set of matched elemen...","slug":"nextAll"},{"title":".offset()","desc":"Get the current coordinates of the first element, or set the coordinate...","slug":"offset"},{"title":".position()","desc":"Get the current coordinates of the first element in the set of matched ...","slug":"position"},{"title":".prevAll()","desc":"Get all preceding siblings of each element in the set of matched elemen...","slug":"prevAll"},{"title":".queue()","desc":"Show or manipulate the queue of functions to be executed on the matched...","slug":"queue"},{"title":".replaceAll()","desc":"Replace each target element with the set of matched elements.","slug":"replaceAll"},{"title":".replaceWith()","desc":"Replace each element in the set of matched elements with the provided n...","slug":"replaceWith"},{"title":".serializeArray()","desc":"Encode a set of form elements as an array of names and values.","slug":"serializeArray"},{"title":".stop()","desc":"Stop the currently-running animation on the matched elements.","slug":"stop"},{"title":".triggerHandler()","desc":"Execute all handlers attached to an element for an event.","slug":"triggerHandler"},{"title":".wrapAll()","desc":"Wrap an HTML structure around all elements in the set of matched elemen...","slug":"wrapAll"},{"title":".wrapInner()","desc":"Wrap an HTML structure around the content of each element in the set of...","slug":"wrapInner"}]},{"name":"Version 1.2.3","slug":"1.2.3","entries":[{"title":".data()","desc":"Store arbitrary data associated with the matched elements or return the...","slug":"data"},{"title":"jQuery.data()","desc":"Store arbitrary data associated with the specified element and/or retur...","slug":"jQuery.data"},{"title":"jQuery.removeData()","desc":"Remove a previously-stored piece of data.","slug":"jQuery.removeData"},{"title":".removeData()","desc":"Remove a previously-stored piece of data.","slug":"removeData"}]},{"name":"Version 1.2.6","slug":"1.2.6","entries":[{"title":"event.timeStamp","desc":"The difference in milliseconds between the time the browser created the...","slug":"event.timeStamp"},{"title":".innerHeight()","desc":"Get the current computed height for the first element in the set of mat...","slug":"innerHeight"},{"title":".innerWidth()","desc":"Get the current computed width for the first element in the set of matc...","slug":"innerWidth"},{"title":".outerHeight()","desc":"Get the current computed height for the first element in the set of mat...","slug":"outerHeight"},{"title":".outerWidth()","desc":"Get the current computed width for the first element in the set of matc...","slug":"outerWidth"},{"title":".scrollLeft()","desc":"Get the current horizontal position of the scroll bar for the first ele...","slug":"scrollLeft"},{"title":".scrollTop()","desc":"Get the current vertical position of the scroll bar for the first eleme...","slug":"scrollTop"}]},{"name":"Version 1.3","slug":"1.3","entries":[{"title":".closest()","desc":"For each element in the set, get the first element that matches the sel...","slug":"closest"},{"title":".context","desc":"The DOM node context originally passed to jQuery(); if none was passed ...","slug":"context"},{"title":".die()","desc":"Remove event handlers previously attached using .live() from the elemen...","slug":"die"},{"title":"event.currentTarget","desc":" The current DOM element within the event bubbling phase.  ","slug":"event.currentTarget"},{"title":"event.isDefaultPrevented()","desc":"Returns whether event.preventDefault() was ever called on this event ob...","slug":"event.isDefaultPrevented"},{"title":"event.isImmediatePropagationStopped()","desc":"  Returns whether event.stopImmediatePropagation() was ever called on t...","slug":"event.isImmediatePropagationStopped"},{"title":"event.isPropagationStopped()","desc":"  Returns whether event.stopPropagation() was ever called on this event...","slug":"event.isPropagationStopped"},{"title":"event.result","desc":"The last value returned by an event handler that was triggered by this ...","slug":"event.result"},{"title":"event.stopImmediatePropagation()","desc":" Keeps the rest of the handlers from being executed and prevents the ev...","slug":"event.stopImmediatePropagation"},{"title":"jQuery.dequeue()","desc":"Execute the next function on the queue for the matched element.","slug":"jQuery.dequeue"},{"title":"jQuery.fx.off","desc":"Globally disable all animations.","slug":"jQuery.fx.off"},{"title":"jQuery.isArray()","desc":"Determine whether the argument is an array.","slug":"jQuery.isArray"},{"title":"jQuery.queue()","desc":"Show or manipulate the queue of functions to be executed on the matched...","slug":"jQuery.queue"},{"title":"jQuery.support","desc":"A collection of properties that represent the presence of different bro...","slug":"jQuery.support"},{"title":".live()","desc":"Attach an event handler for all elements which match the current select...","slug":"live"},{"title":".pushStack()","desc":"Add a collection of DOM elements onto the jQuery stack.","slug":"pushStack"},{"title":".toggle()","desc":"Display or hide the matched elements.","slug":"toggle"},{"title":".toggleClass()","desc":"Add or remove one or more classes from each element in the set of match...","slug":"toggleClass"}]},{"name":"Version 1.4","slug":"1.4","entries":[{"title":".add()","desc":"Add elements to the set of matched elements.","slug":"add"},{"title":".addClass()","desc":"Adds the specified class(es) to each of the set of matched elements.","slug":"addClass"},{"title":".after()","desc":"Insert content, specified by the parameter, after each element in the s...","slug":"after"},{"title":".append()","desc":"Insert content, specified by the parameter, to the end of each element ...","slug":"append"},{"title":".before()","desc":"Insert content, specified by the parameter, before each element in the ...","slug":"before"},{"title":".bind()","desc":"Attach a handler to an event for the elements.","slug":"bind"},{"title":".clearQueue()","desc":"Remove from the queue all items that have not yet been run.","slug":"clearQueue"},{"title":".closest()","desc":"For each element in the set, get the first element that matches the sel...","slug":"closest"},{"title":".css()","desc":"Get the value of a style property for the first element in the set of m...","slug":"css"},{"title":".data()","desc":"Store arbitrary data associated with the matched elements or return the...","slug":"data"},{"title":".delay()","desc":"Set a timer to delay execution of subsequent items in the queue.","slug":"delay"},{"title":".detach()","desc":"Remove the set of matched elements from the DOM.","slug":"detach"},{"title":".filter()","desc":"Reduce the set of matched elements to those that match the selector or ...","slug":"filter"},{"title":".first()","desc":"Reduce the set of matched elements to the first in the set.","slug":"first"},{"title":".focusin()","desc":"Bind an event handler to the \"focusin\" event.","slug":"focusin"},{"title":".focusout()","desc":"Bind an event handler to the \"focusout\" JavaScript event.","slug":"focusout"},{"title":".has()","desc":"Reduce the set of matched elements to those that have a descendant that...","slug":"has"},{"title":".html()","desc":"Get the HTML contents of the first element in the set of matched elemen...","slug":"html"},{"title":".index()","desc":"Search for a given element from among the matched elements.","slug":"index"},{"title":"jQuery.contains()","desc":"Check to see if a DOM element is a descendant of another DOM element.","slug":"jQuery.contains"},{"title":"jQuery.data()","desc":"Store arbitrary data associated with the specified element and/or retur...","slug":"jQuery.data"},{"title":"jQuery.isEmptyObject()","desc":"Check to see if an object is empty (contains no enumerable properties)....","slug":"jQuery.isEmptyObject"},{"title":"jQuery.isPlainObject()","desc":"Check to see if an object is a plain object (created using \"{}\" or \"new...","slug":"jQuery.isPlainObject"},{"title":"jQuery.noop()","desc":"An empty function.","slug":"jQuery.noop"},{"title":"jQuery.param()","desc":"Create a serialized representation of an array or object, suitable for ...","slug":"jQuery.param"},{"title":"jQuery.proxy()","desc":"Takes a function and returns a new one that will always have a particul...","slug":"jQuery.proxy"},{"title":"jQuery()","desc":"Return a collection of matched elements either found in the DOM based o...","slug":"jQuery"},{"title":".last()","desc":"Reduce the set of matched elements to the final one in the set.","slug":"last"},{"title":".nextUntil()","desc":"Get all following siblings of each element up to but not including the ...","slug":"nextUntil"},{"title":".not()","desc":"Remove elements from the set of matched elements.","slug":"not"},{"title":".offset()","desc":"Get the current coordinates of the first element, or set the coordinate...","slug":"offset"},{"title":".parentsUntil()","desc":"Get the ancestors of each element in the current set of matched element...","slug":"parentsUntil"},{"title":".prepend()","desc":"Insert content, specified by the parameter, to the beginning of each el...","slug":"prepend"},{"title":".prevUntil()","desc":"Get all preceding siblings of each element up to but not including the ...","slug":"prevUntil"},{"title":".removeAttr()","desc":"Remove an attribute from each element in the set of matched elements.","slug":"removeAttr"},{"title":".removeClass()","desc":"Remove a single class, multiple classes, or all classes from each eleme...","slug":"removeClass"},{"title":".replaceWith()","desc":"Replace each element in the set of matched elements with the provided n...","slug":"replaceWith"},{"title":".text()","desc":"Get the combined text contents of each element in the set of matched el...","slug":"text"},{"title":".toArray()","desc":"Retrieve all the DOM elements contained in the jQuery set, as an array....","slug":"toArray"},{"title":".toggleClass()","desc":"Add or remove one or more classes from each element in the set of match...","slug":"toggleClass"},{"title":".unwrap()","desc":"Remove the parents of the set of matched elements from the DOM, leaving...","slug":"unwrap"},{"title":".val()","desc":"Get the current value of the first element in the set of matched elemen...","slug":"val"},{"title":".wrap()","desc":"Wrap an HTML structure around each element in the set of matched elemen...","slug":"wrap"},{"title":".wrapAll()","desc":"Wrap an HTML structure around all elements in the set of matched elemen...","slug":"wrapAll"},{"title":".wrapInner()","desc":"Wrap an HTML structure around the content of each element in the set of...","slug":"wrapInner"}]},{"name":"Version 1.4.1","slug":"1.4.1","entries":[{"title":".die()","desc":"Remove event handlers previously attached using .live() from the elemen...","slug":"die"},{"title":".height()","desc":"Get the current computed height for the first element in the set of mat...","slug":"height"},{"title":"jQuery.error()","desc":"Takes a string and throws an exception containing it.","slug":"jQuery.error"},{"title":"jQuery.parseJSON()","desc":"Takes a well-formed JSON string and returns the resulting JavaScript ob...","slug":"jQuery.parseJSON"},{"title":".width()","desc":"Get the current computed width for the first element in the set of matc...","slug":"width"}]},{"name":"Version 1.4.2","slug":"1.4.2","entries":[{"title":".delegate()","desc":"Attach a handler to one or more events for all elements that match the ...","slug":"delegate"},{"title":".undelegate()","desc":"Remove a handler from the event for all elements which match the curren...","slug":"undelegate"}]},{"name":"Version 1.4.3","slug":"1.4.3","entries":[{"title":".bind()","desc":"Attach a handler to an event for the elements.","slug":"bind"},{"title":".blur()","desc":"Bind an event handler to the \"blur\" JavaScript event, or trigger that e...","slug":"blur"},{"title":".change()","desc":"Bind an event handler to the \"change\" JavaScript event, or trigger that...","slug":"change"},{"title":".click()","desc":"Bind an event handler to the \"click\" JavaScript event, or trigger that ...","slug":"click"},{"title":".data()","desc":"Store arbitrary data associated with the matched elements or return the...","slug":"data"},{"title":".dblclick()","desc":"Bind an event handler to the \"dblclick\" JavaScript event, or trigger th...","slug":"dblclick"},{"title":".delegate()","desc":"Attach a handler to one or more events for all elements that match the ...","slug":"delegate"},{"title":".die()","desc":"Remove event handlers previously attached using .live() from the elemen...","slug":"die"},{"title":".error()","desc":"Bind an event handler to the \"error\" JavaScript event.","slug":"error"},{"title":"event.namespace","desc":"The namespace specified when the event was triggered.","slug":"event.namespace"},{"title":".fadeIn()","desc":"Display the matched elements by fading them to opaque.","slug":"fadeIn"},{"title":".fadeOut()","desc":"Hide the matched elements by fading them to transparent.","slug":"fadeOut"},{"title":".fadeTo()","desc":"Adjust the opacity of the matched elements.","slug":"fadeTo"},{"title":".focus()","desc":"Bind an event handler to the \"focus\" JavaScript event, or trigger that ...","slug":"focus"},{"title":".focusin()","desc":"Bind an event handler to the \"focusin\" event.","slug":"focusin"},{"title":".focusout()","desc":"Bind an event handler to the \"focusout\" JavaScript event.","slug":"focusout"},{"title":".hide()","desc":"Hide the matched elements.","slug":"hide"},{"title":"jQuery.cssHooks","desc":"Hook directly into jQuery to override how particular CSS properties are...","slug":"jQuery.cssHooks"},{"title":"jQuery.data()","desc":"Store arbitrary data associated with the specified element and/or retur...","slug":"jQuery.data"},{"title":"jQuery.fx.interval","desc":"The rate (in milliseconds) at which animations fire.","slug":"jQuery.fx.interval"},{"title":"jQuery.isWindow()","desc":"Determine whether the argument is a window.","slug":"jQuery.isWindow"},{"title":"jQuery.now()","desc":"Return a number representing the current time.","slug":"jQuery.now"},{"title":"jQuery.type()","desc":"Determine the internal JavaScript [[Class]] of an object.","slug":"jQuery.type"},{"title":".keydown()","desc":"Bind an event handler to the \"keydown\" JavaScript event, or trigger tha...","slug":"keydown"},{"title":".keypress()","desc":"Bind an event handler to the \"keypress\" JavaScript event, or trigger th...","slug":"keypress"},{"title":".keyup()","desc":"Bind an event handler to the \"keyup\" JavaScript event, or trigger that ...","slug":"keyup"},{"title":".load()","desc":"Bind an event handler to the \"load\" JavaScript event.","slug":"load-event"},{"title":".mousedown()","desc":"Bind an event handler to the \"mousedown\" JavaScript event, or trigger t...","slug":"mousedown"},{"title":".mouseenter()","desc":"Bind an event handler to be fired when the mouse enters an element, or ...","slug":"mouseenter"},{"title":".mouseleave()","desc":"Bind an event handler to be fired when the mouse leaves an element, or ...","slug":"mouseleave"},{"title":".mousemove()","desc":"Bind an event handler to the \"mousemove\" JavaScript event, or trigger t...","slug":"mousemove"},{"title":".mouseout()","desc":"Bind an event handler to the \"mouseout\" JavaScript event, or trigger th...","slug":"mouseout"},{"title":".mouseover()","desc":"Bind an event handler to the \"mouseover\" JavaScript event, or trigger t...","slug":"mouseover"},{"title":".mouseup()","desc":"Bind an event handler to the \"mouseup\" JavaScript event, or trigger tha...","slug":"mouseup"},{"title":".resize()","desc":"Bind an event handler to the \"resize\" JavaScript event, or trigger that...","slug":"resize"},{"title":".scroll()","desc":"Bind an event handler to the \"scroll\" JavaScript event, or trigger that...","slug":"scroll"},{"title":".select()","desc":"Bind an event handler to the \"select\" JavaScript event, or trigger that...","slug":"select"},{"title":".show()","desc":"Display the matched elements.","slug":"show"},{"title":".slideDown()","desc":"Display the matched elements with a sliding motion.","slug":"slideDown"},{"title":".slideToggle()","desc":"Display or hide the matched elements with a sliding motion.","slug":"slideToggle"},{"title":".slideUp()","desc":"Hide the matched elements with a sliding motion.","slug":"slideUp"},{"title":".submit()","desc":"Bind an event handler to the \"submit\" JavaScript event, or trigger that...","slug":"submit"},{"title":".toggle()","desc":"Display or hide the matched elements.","slug":"toggle"},{"title":".unbind()","desc":"Remove a previously-attached event handler from the elements.","slug":"unbind"},{"title":".undelegate()","desc":"Remove a handler from the event for all elements which match the curren...","slug":"undelegate"},{"title":".unload()","desc":"Bind an event handler to the \"unload\" JavaScript event.","slug":"unload"}]},{"name":"Version 1.4.4","slug":"1.4.4","entries":[{"title":".fadeToggle()","desc":"Display or hide the matched elements by animating their opacity.","slug":"fadeToggle"}]},{"name":"Version 1.5","slug":"1.5","entries":[{"title":".clone()","desc":"Create a deep copy of the set of matched elements.","slug":"clone"},{"title":"deferred.done()","desc":" Add handlers to be called when the Deferred object is resolved. ","slug":"deferred.done"},{"title":"deferred.fail()","desc":" Add handlers to be called when the Deferred object is rejected. ","slug":"deferred.fail"},{"title":"deferred.isRejected()","desc":" Determine whether a Deferred object has been rejected. ","slug":"deferred.isRejected"},{"title":"deferred.isResolved()","desc":" Determine whether a Deferred object has been resolved. ","slug":"deferred.isResolved"},{"title":"deferred.promise()","desc":" Return a Deferred's Promise object. ","slug":"deferred.promise"},{"title":"deferred.reject()","desc":" Reject a Deferred object and call any failCallbacks with the given arg...","slug":"deferred.reject"},{"title":"deferred.rejectWith()","desc":" Reject a Deferred object and call any failCallbacks with the given con...","slug":"deferred.rejectWith"},{"title":"deferred.resolve()","desc":" Resolve a Deferred object and call any doneCallbacks with the given ar...","slug":"deferred.resolve"},{"title":"deferred.resolveWith()","desc":" Resolve a Deferred object and call any doneCallbacks with the given co...","slug":"deferred.resolveWith"},{"title":"deferred.then()","desc":"Add handlers to be called when the Deferred object is resolved, rejecte...","slug":"deferred.then"},{"title":"jQuery.ajax()","desc":"Perform an asynchronous HTTP (Ajax) request.","slug":"jQuery.ajax"},{"title":"jQuery.ajaxPrefilter()","desc":"Handle custom Ajax options or modify existing options before each reque...","slug":"jQuery.ajaxPrefilter"},{"title":"jQuery.ajaxTransport()","desc":"Creates an object that handles the actual transmission of Ajax data.","slug":"jQuery.ajaxTransport"},{"title":"jQuery.Deferred()","desc":" A constructor function that returns a chainable utility object with me...","slug":"jQuery.Deferred"},{"title":"jQuery.get()","desc":"Load data from the server using a HTTP GET request.","slug":"jQuery.get"},{"title":"jQuery.getJSON()","desc":"Load JSON-encoded data from the server using a GET HTTP request.","slug":"jQuery.getJSON"},{"title":"jQuery.getScript()","desc":"Load a JavaScript file from the server using a GET HTTP request, then e...","slug":"jQuery.getScript"},{"title":"jQuery.hasData()","desc":"Determine whether an element has any jQuery data associated with it.","slug":"jQuery.hasData"},{"title":"jQuery.parseXML()","desc":"Parses a string into an XML document.","slug":"jQuery.parseXML"},{"title":"jQuery.post()","desc":"Load data from the server using a HTTP POST request.","slug":"jQuery.post"},{"title":"jQuery.sub()","desc":"Creates a new copy of jQuery whose properties and methods can be modifi...","slug":"jQuery.sub"},{"title":"jQuery.when()","desc":"Provides a way to execute callback functions based on one or more objec...","slug":"jQuery.when"}]},{"name":"Version 1.5.1","slug":"1.5.1","entries":[{"title":"jQuery.ajax()","desc":"Perform an asynchronous HTTP (Ajax) request.","slug":"jQuery.ajax"},{"title":"jQuery.support","desc":"A collection of properties that represent the presence of different bro...","slug":"jQuery.support"}]},{"name":"Version 1.6","slug":"1.6","entries":[{"title":".attr()","desc":"Get the value of an attribute for the first element in the set of match...","slug":"attr"},{"title":".closest()","desc":"For each element in the set, get the first element that matches the sel...","slug":"closest"},{"title":"deferred.always()","desc":" Add handlers to be called when the Deferred object is either resolved ...","slug":"deferred.always"},{"title":"deferred.pipe()","desc":" Utility method to filter and/or chain Deferreds.  ","slug":"deferred.pipe"},{"title":".find()","desc":"Get the descendants of each element in the current set of matched eleme...","slug":"find"},{"title":":focus Selector","desc":"Selects element if it is currently focused.","slug":"focus-selector"},{"title":".is()","desc":"Check the current matched set of elements against a selector, element, ...","slug":"is"},{"title":"jQuery.holdReady()","desc":"Holds or releases the execution of jQuery's ready event.","slug":"jQuery.holdReady"},{"title":"jQuery.map()","desc":"Translate all items in an array or object to new array of items.","slug":"jQuery.map"},{"title":"jQuery.proxy()","desc":"Takes a function and returns a new one that will always have a particul...","slug":"jQuery.proxy"},{"title":".nextUntil()","desc":"Get all following siblings of each element up to but not including the ...","slug":"nextUntil"},{"title":".parentsUntil()","desc":"Get the ancestors of each element in the current set of matched element...","slug":"parentsUntil"},{"title":".prevUntil()","desc":"Get all preceding siblings of each element up to but not including the ...","slug":"prevUntil"},{"title":".promise()","desc":" Return a Promise object to observe when all actions of a certain type ...","slug":"promise"},{"title":".prop()","desc":"Get the value of a property for the first element in the set of matched...","slug":"prop"},{"title":".removeProp()","desc":"Remove a property for the set of matched elements.","slug":"removeProp"},{"title":".undelegate()","desc":"Remove a handler from the event for all elements which match the curren...","slug":"undelegate"}]},{"name":"Version 1.7","slug":"1.7","entries":[{"title":"callbacks.add()","desc":"Add a callback or a collection of callbacks to a callback list.","slug":"callbacks.add"},{"title":"callbacks.disable()","desc":"Disable a callback list from doing anything more.","slug":"callbacks.disable"},{"title":"callbacks.locked()","desc":"Determine if the callbacks list has been disabled.","slug":"callbacks.disabled"},{"title":"callbacks.empty()","desc":"Remove all of the callbacks from a list.","slug":"callbacks.empty"},{"title":"callbacks.fire()","desc":"Call all of the callbacks with the given arguments","slug":"callbacks.fire"},{"title":"callbacks.fired()","desc":"Determine if the callbacks have already been called at least once.","slug":"callbacks.fired"},{"title":"callbacks.fireWith()","desc":"Call all callbacks in a list with the given context and arguments.","slug":"callbacks.fireWith"},{"title":"callbacks.has()","desc":"Determine whether a supplied callback is in a list","slug":"callbacks.has"},{"title":"callbacks.lock()","desc":"Lock a callback list in its current state.","slug":"callbacks.lock"},{"title":"callbacks.locked()","desc":"Determine if the callbacks list has been locked.","slug":"callbacks.locked"},{"title":"callbacks.remove()","desc":"Remove a callback or a collection of callbacks from a callback list.","slug":"callbacks.remove"},{"title":"deferred.notify()","desc":" Call the progressCallbacks on a Deferred object with the given args. ","slug":"deferred.notify"},{"title":"deferred.notifyWith()","desc":" Call the progressCallbacks on a Deferred object with the given context...","slug":"deferred.notifyWith"},{"title":"deferred.pipe()","desc":" Utility method to filter and/or chain Deferreds.  ","slug":"deferred.pipe"},{"title":"deferred.progress()","desc":" Add handlers to be called when the Deferred object generates progress ...","slug":"deferred.progress"},{"title":"deferred.state()","desc":"Determine the current state of a Deferred object. ","slug":"deferred.state"},{"title":"deferred.then()","desc":"Add handlers to be called when the Deferred object is resolved, rejecte...","slug":"deferred.then"},{"title":"event.delegateTarget","desc":"The element where the currently-called jQuery event handler was attache...","slug":"event.delegateTarget"},{"title":".is()","desc":"Check the current matched set of elements against a selector, element, ...","slug":"is"},{"title":"jQuery.Callbacks()","desc":"A multi-purpose callbacks list object that provides a powerful way to m...","slug":"jQuery.Callbacks"},{"title":"jQuery.isNumeric()","desc":"Determines whether its argument is a number.","slug":"jQuery.isNumeric"},{"title":".off()","desc":"Remove an event handler.","slug":"off"},{"title":".on()","desc":"Attach an event handler function for one or more events to the selected...","slug":"on"},{"title":".removeAttr()","desc":"Remove an attribute from each element in the set of matched elements.","slug":"removeAttr"},{"title":".removeData()","desc":"Remove a previously-stored piece of data.","slug":"removeData"},{"title":".stop()","desc":"Stop the currently-running animation on the matched elements.","slug":"stop"}]},{"name":"Version 1.8","slug":"1.8","entries":[{"title":".addBack()","desc":"Add the previous set of elements on the stack to the current set, optio...","slug":"addBack"},{"title":"deferred.pipe()","desc":" Utility method to filter and/or chain Deferreds.  ","slug":"deferred.pipe"},{"title":":eq() Selector","desc":"Select the element at index n within the matched set.","slug":"eq-selector"},{"title":"jQuery.parseHTML()","desc":"Parses a string into an array of DOM nodes.","slug":"jQuery.parseHTML"}]},{"name":"Version 1.9","slug":"1.9","entries":[{"title":".css()","desc":"Get the value of a style property for the first element in the set of m...","slug":"css"},{"title":".finish()","desc":"Stop the currently-running animation, remove all queued animations, and...","slug":"finish"},{"title":":first-of-type Selector","desc":"Selects all elements that are the first among siblings of the same elem...","slug":"first-of-type-selector"},{"title":":lang Selector","desc":"Selects all elements of the specified language.","slug":"lang-selector"},{"title":":last-of-type Selector","desc":"Selects all elements that are the last among siblings of the same eleme...","slug":"last-of-type-selector"},{"title":":nth-last-child() Selector","desc":"Selects all elements that are the nth-child of their parent, counting f...","slug":"nth-last-child-selector"},{"title":":nth-last-of-type() Selector","desc":"Selects all elements that are the nth-child of their parent, counting f...","slug":"nth-last-of-type-selector"},{"title":":nth-of-type() Selector","desc":"Selects all elements that are the nth child of their parent in relation...","slug":"nth-of-type-selector"},{"title":":only-of-type Selector","desc":"Selects all elements that have no siblings with the same element name.","slug":"only-of-type-selector"},{"title":":root Selector","desc":"Selects the element that is the root of the document.","slug":"root-selector"},{"title":":target Selector","desc":"Selects the target element indicated by the fragment identifier of the ...","slug":"target-selector"}]},{"name":"All","slug":"all","entries":[]}]}